{
  "timestamp": "2025-10-16T17:13:21.630922",
  "source_image": "window_test_drone.png",
  "signatures": {
    "lower_left_drone": {
      "hsv": {
        "mean": [
          54.450639709366605,
          72.9203590433499,
          24.548379893136673
        ],
        "std": [
          45.335311959026306,
          66.47757688518243,
          53.19235828138753
        ],
        "min": [
          0,
          0,
          0
        ],
        "max": [
          179,
          255,
          255
        ],
        "detection_range": {
          "h": [
            0,
            145
          ],
          "s": [
            0,
            205
          ],
          "v": [
            0,
            130
          ]
        }
      },
      "rgb": {
        "mean": [
          10.979869171400715,
          22.27777384408412,
          21.495394855091803
        ],
        "dominant_colors": [
          [
            0,
            0,
            0
          ],
          [
            5,
            9,
            9
          ],
          [
            4,
            8,
            8
          ]
        ],
        "dominant_counts": [
          67185,
          11071,
          9697
        ]
      },
      "region_size": {
        "width": 377,
        "height": 487
      }
    }
  }
}