{
  "timestamp": "2025-10-16T17:11:07.925087",
  "source_image": "window_test_mainframe.png",
  "signatures": {
    "incognita_and_programs_region": {
      "hsv": {
        "mean": [
          59.273992129533745,
          64.98533729699436,
          28.649222090912414
        ],
        "std": [
          42.71359133832126,
          63.31086427364325,
          51.394869002823
        ],
        "min": [
          0,
          0,
          0
        ],
        "max": [
          177,
          255,
          255
        ],
        "detection_range": {
          "h": [
            0,
            144
          ],
          "s": [
            0,
            191
          ],
          "v": [
            0,
            131
          ]
        }
      },
      "rgb": {
        "mean": [
          22.242711290342232,
          28.628979397897147,
          28.648247420168374
        ],
        "dominant_colors": [
          [
            0,
            0,
            0
          ],
          [
            4,
            7,
            7
          ],
          [
            4,
            8,
            8
          ]
        ],
        "dominant_counts": [
          26183,
          13859,
          5970
        ]
      },
      "region_size": {
        "width": 389,
        "height": 422
      }
    },
    "incognita_programs": {
      "hsv": {
        "mean": [
          60.21899615520097,
          61.09079121916854,
          23.253254588651473
        ],
        "std": [
          42.34834301392311,
          56.77113039118253,
          41.581476688157586
        ],
        "min": [
          0,
          0,
          0
        ],
        "max": [
          90,
          255,
          255
        ],
        "detection_range": {
          "h": [
            0,
            144
          ],
          "s": [
            0,
            174
          ],
          "v": [
            0,
            106
          ]
        }
      },
      "rgb": {
        "mean": [
          19.38360301887924,
          23.253254588651473,
          23.253254588651473
        ],
        "dominant_colors": [
          [
            0,
            0,
            0
          ],
          [
            4,
            7,
            7
          ],
          [
            4,
            6,
            6
          ]
        ],
        "dominant_counts": [
          15942,
          13706,
          5815
        ]
      },
      "region_size": {
        "width": 389,
        "height": 343
      }
    },
    "lower_left_mainframe": {
      "hsv": {
        "mean": [
          22.020922539167344,
          26.74516571999251,
          13.41376942762624
        ],
        "std": [
          38.7040586530484,
          51.7047415027876,
          40.32176009254002
        ],
        "min": [
          0,
          0,
          0
        ],
        "max": [
          140,
          255,
          255
        ],
        "detection_range": {
          "h": [
            0,
            99
          ],
          "s": [
            0,
            130
          ],
          "v": [
            0,
            94
          ]
        }
      },
      "rgb": {
        "mean": [
          9.890269021908745,
          13.37198676736783,
          13.389457586917171
        ],
        "dominant_colors": [
          [
            0,
            0,
            0
          ],
          [
            13,
            24,
            24
          ],
          [
            2,
            3,
            3
          ]
        ],
        "dominant_counts": [
          116620,
          3203,
          2075
        ]
      },
      "region_size": {
        "width": 370,
        "height": 433
      }
    },
    "incognita_profile": {
      "hsv": {
        "mean": [
          75.99468608992419,
          89.377631187155,
          49.070042831947596
        ],
        "std": [
          32.68514376789001,
          52.785445307615554,
          64.94644466422464
        ],
        "min": [
          0,
          0,
          0
        ],
        "max": [
          140,
          255,
          255
        ],
        "detection_range": {
          "h": [
            10,
            141
          ],
          "s": [
            0,
            194
          ],
          "v": [
            0,
            178
          ]
        }
      },
      "rgb": {
        "mean": [
          36.213403880070544,
          48.91671820243249,
          48.980920314253645
        ],
        "dominant_colors": [
          [
            0,
            0,
            0
          ],
          [
            13,
            24,
            24
          ],
          [
            21,
            38,
            38
          ]
        ],
        "dominant_counts": [
          3215,
          3203,
          2006
        ]
      },
      "region_size": {
        "width": 189,
        "height": 231
      }
    }
  }
}