{
  "timestamp": "2025-10-16T17:20:49.625702",
  "source_image": "window_test_agent_moving.png",
  "signatures": {
    "lower_left_agent_moving": {
      "hsv": {
        "mean": [
          54.83790840675477,
          73.06881424375918,
          6.480827826725404
        ],
        "std": [
          43.40471346800876,
          66.4789537698809,
          19.945879405574438
        ],
        "min": [
          0,
          0,
          0
        ],
        "max": [
          179,
          255,
          255
        ],
        "detection_range": {
          "h": [
            0,
            141
          ],
          "s": [
            0,
            206
          ],
          "v": [
            0,
            46
          ]
        }
      },
      "rgb": {
        "mean": [
          4.573935389133627,
          5.981525330396476,
          5.812270558002937
        ],
        "dominant_colors": [
          [
            0,
            0,
            0
          ],
          [
            2,
            4,
            4
          ],
          [
            4,
            5,
            5
          ]
        ],
        "dominant_counts": [
          72735,
          42130,
          21158
        ]
      },
      "region_size": {
        "width": 480,
        "height": 454
      }
    },
    "upper_right_agent_moving": {
      "hsv": {
        "mean": [
          1.8514231096006797,
          2.501624893797791,
          0.9969254460492778
        ],
        "std": [
          12.774987762524729,
          17.90236718899422,
          13.98279818069133
        ],
        "min": [
          0,
          0,
          0
        ],
        "max": [
          90,
          255,
          255
        ],
        "detection_range": {
          "h": [
            0,
            27
          ],
          "s": [
            0,
            38
          ],
          "v": [
            0,
            28
          ]
        }
      },
      "rgb": {
        "mean": [
          0.5606892523364486,
          0.9969254460492778,
          0.9969254460492778
        ],
        "dominant_colors": [
          [
            0,
            0,
            0
          ],
          [
            1,
            2,
            2
          ],
          [
            1,
            1,
            1
          ]
        ],
        "dominant_counts": [
          184067,
          404,
          379
        ]
      },
      "region_size": {
        "width": 440,
        "height": 428
      }
    }
  }
}